"Section Name",Question,Answer
"SECTION1,1 ,D"
"SECTION1,2 ,D"
"SECTION1,3 ,D"
"SECTION1,4 ,D"
"SECTION1,5 ,D"
"SECTION1,6 ,D"
"SECTION1,7 ,D"
"SECTION1,8 ,123"
"SECTION1,9 ,456"
"SECTION1,10 ,789"
"SECTION2,1 ,H"
"SECTION2,2 ,H"
"SECTION2,3 ,H"
"SECTION2,4 ,H"
"SECTION2,5 ,H"
"SECTION2,6 ,H"
"SECTION2,7 ,"
"SECTION2,8 ,"
"SECTION2,9 ,"
"SECTION2,10 ,"
"SECTION2,11 ,"
"SECTION2,12 ,"
"SECTION2,13 ,"
"SECTION2,14 ,"
"SECTION2,15 ,"
"SECTION2,16 ,"
"SECTION2,17 ,aaaaa"
"SECTION2,18 ,18"
"SECTION2,19 ,19"
"SECTION2,20 ,20"
"SECTION3,1 ,B"
"SECTION3,2 ,"
"SECTION3,3 ,"
"SECTION3,4 ,"
"SECTION3,5 ,"
"SECTION3,6 ,"
"SECTION3,7 ,"
"SECTION3,8 ,"
"SECTION3,9 ,"
"SECTION3,10 ,"
"SECTION3,11 ,"
"SECTION3,12 ,"
"SECTION3,13 ,"
"SECTION3,14 ,"
"SECTION3,15 ,"
"SECTION3,16 ,"
"SECTION3,17 ,"
"SECTION3,18 ,"
"SECTION3,19 ,"
"SECTION3,20 ,"
"SECTION3,21 ,"
"SECTION3,22 ,"
"SECTION3,23 ,"
"SECTION3,24 ,"
"SECTION3,25 ,"
"SECTION3,26 ,"
"SECTION3,27 ,"
"SECTION3,28 ,D"
"SECTION3,29 ,D"
"SECTION3,30 ,D"
"SECTION4,1 ,"
"SECTION4,2 ,"
"SECTION4,3 ,"
"SECTION4,4 ,"
"SECTION4,5 ,"
"SECTION4,6 ,"
"SECTION4,7 ,"
"SECTION4,8 ,"
"SECTION4,9 ,"
"SECTION4,10 ,"
"SECTION4,11 ,"
"SECTION4,12 ,"
"SECTION4,13 ,"
"SECTION4,14 ,"
"SECTION4,15 ,"
"SECTION4,16 ,"
"SECTION4,17 ,"
"SECTION4,18 ,"
"SECTION4,19 ,"
"SECTION4,20 ,"
"SECTION4,21 ,"
"SECTION4,22 ,"
"SECTION4,23 ,"
"SECTION4,24 ,"
"SECTION4,25 ,"
"SECTION4,26 ,"
"SECTION4,27 ,"
"SECTION4,28 ,"
"SECTION4,29 ,"
"SECTION4,30 ,"
"SECTION4,31 ,"
"SECTION4,32 ,"
"SECTION4,33 ,"
"SECTION4,34 ,"
"SECTION4,35 ,"
"SECTION4,36 ,"
"SECTION4,37 ,"
"SECTION4,38 ,"
"SECTION4,39 ,"
"SECTION4,40 ,"
